Sl. No,Name,NRIC,Nationality,Age,Gender,Date(s) of Offence,Offence,Time of Offence,Monetary amount involved ,Statutory Provision,Penal Code Term Tenure,Penal Code Fine Guideline,Repeated Offender,Employment Status,Canning ,Jail term,Fine
1,Vincent Lee,G3499481W,Australian,43,Male,12/5/12,Outrage Modesty,,,354(1),2,0,Yes,Employed,8,1,0
2,Vincent Lee,G3499481W,Australian,43,Male,12/5/12,Outrage Modesty,,,354(1),2,0,No,Employed,8,1,0
3,Vincent Lee,G3499481W,Australian,43,Male,12/5/12,Outrage Modesty,,,354(1),2,0,Yes,Unemployed,8,1,0
4,Vincent Lee,G3499481W,Australian,43,Male,12/5/12,Outrage Modesty,,,354(1),2,0,Yes,Unemployed,8,1,0
5,Vincent Lee,G3499481W,Australian,43,Male,12/5/12,Outrage Modesty,,,354(1),2,0,Yes,Unemployed,8,1,0
6,Vincent Lee,G3499481W,Australian,43,Male,12/5/12,Outrage Modesty,,,354(1),2,0,No,Employed,9,1,0
7,Vincent Lee,G3499481W,Australian,43,Male,12/5/12,Outrage Modesty,,,354(1),2,0,Yes,Unemployed,8,1,0
8,Vincent Lee,G3499481W,Australian,43,Male,12/5/12,Outrage Modesty,,,354(1),2,0,No,Employed,7,1,0
9,Vincent Lee,G3499481W,Australian,43,Male,12/5/12,Outrage Modesty,,,354(1),2,0,Yes,Employed,8,1,0
10,Vincent Lee,G3499481W,Australian,43,Male,12/5/12,Outrage Modesty,,,354(1),2,0,No,Unemployed,8,1,0
11,Vincent Lee,G3499481W,Australian,43,Male,12/5/12,Outrage Modesty,,,354(1),2,0,Yes,Employed,8,1,0
12,Vincent Lee,G3499481W,Australian,43,Male,12/5/12,Outrage Modesty,,,354(1),2,0,Yes,Employed,8,1,0
13,Vincent Lee,G3499481W,Australian,43,Male,12/5/12,Outrage Modesty,,,354(1),2,0,No,Employed,8,1,0
14,Vincent Lee,G3499481W,Australian,43,Male,12/5/12,Outrage Modesty,,,354(1),2,0,Yes,Employed,8,1,0
15,Vincent Lee,G3499481W,Australian,43,Male,12/5/12,Outrage Modesty,,,354(1),2,0,No,Employed,9,1,0
16,Vincent Lee,G3499481W,Australian,43,Male,12/5/12,Outrage Modesty,,,354(1),2,0,No,Employed,8,1,0
17,Vincent Lee,G3499481W,Australian,43,Male,12/5/12,Outrage Modesty,,,354(1),2,0,Yes,Employed,8,1,0
18,Charles Goh ,G1234567T,Malaysian,37,Male,5/9/17,Misappropriation,4:00:00 PM,900,"406 , 34",7,100,No,Employed,0,3,0.1
19,Charles Goha,G1234568T,Singaporean,38,Male,5/9/18,Misappropriation,4:00:00 PM,800,"406 , 34",7,150,No,Unemployed,0,3,0.15
20,Charles Go,G1234569T,Malaysian,34,Male,5/9/19,Misappropriation,4:00:00 PM,920,"406 , 34",7,200,No,Employed,0,3,0.2
21,Tan Ser Kow,S4567899B,Malaysian,34,Male,12/6/18,Outrage Modesty,5:00:00 PM,,354(1),2,400,No,Employed,8,1,0.4
22,Tan Ser Kow,S4567899B,Malaysian,34,Male,12/6/18,Outrage Modesty,5:00:00 PM,,354(1),2,400,No,Employed,9,1,0.4
23,Tan Ser Kow,S4567899B,Malaysian,34,Male,12/6/18,Outrage Modesty,5:00:00 PM,,354(1),2,400,No,Employed,8,1,0.4
24,Tan Ser Kow,S4567899B,Malaysian,34,Male,12/6/18,Outrage Modesty,5:00:00 PM,,354(1),2,400,No,Employed,8,1,0.4
25,Tan Ser Kow,S4567899B,Malaysian,34,Male,12/6/18,Outrage Modesty,5:00:00 PM,,354(1),2,400,No,Unemployed,8,1,0.4
26,Tan Ser Kow,S4567899B,Malaysian,34,Male,12/6/18,Outrage Modesty,5:00:00 PM,,354(1),2,400,No,Employed,8,1,0.4
27,Tan Ser Kow,S4567899B,Malaysian,34,Male,12/6/18,Outrage Modesty,5:00:00 PM,,354(1),2,400,No,Unemployed,8,1,0.4
28,Tan Ser Kow,S4567899B,Malaysian,34,Male,12/6/18,Outrage Modesty,5:00:00 PM,,354(1),2,400,No,Employed,8,1,0.4
29,Tan Ser Kow,S4567899B,Malaysian,34,Male,12/6/18,Outrage Modesty,5:00:00 PM,,354(1),2,400,No,Unemployed,8,1,0.4
30,Charles Kia,G1234565T,Singaporean,38,Male,5/9/13,Misappropriation,4:00:00 PM,930,"406 , 34",7,400,No,Employed,0,3,0.4
31,Tan Ser Kow,S4567899B,Malaysian,34,Male,12/6/18,Outrage Modesty,5:00:00 PM,,354(1),2,400,No,Employed,8,1,0.4
32,Tan Ser Kow,S4567899B,Malaysian,34,Male,12/6/18,Outrage Modesty,5:00:00 PM,,354(1),2,400,No,Unemployed,8,1,0.4
33,Tan Ser Kow,S4567899B,Malaysian,34,Male,12/6/18,Outrage Modesty,5:00:00 PM,,354(1),2,400,Yes,Employed,9,1,0.48
34,Tan Ser Kow,S4567899B,Malaysian,34,Male,12/6/18,Outrage Modesty,5:00:00 PM,,354(1),2,400,Yes,Employed,8,1,0.48
35,Tan Ser Kow,S4567899B,Malaysian,34,Male,12/6/18,Outrage Modesty,5:00:00 PM,,354(1),2,400,Yes,Unemployed,8,1,0.48
36,Tan Ser Kow,S4567899B,Malaysian,34,Male,12/6/18,Outrage Modesty,5:00:00 PM,,354(1),2,400,Yes,Employed,8,1,0.48
37,Tan Ser Kow,S4567899B,Malaysian,34,Male,12/6/18,Outrage Modesty,5:00:00 PM,,354(1),2,400,Yes,Unemployed,9,1,0.48
38,Tan Ser Kow,S4567899B,Malaysian,34,Male,12/6/18,Outrage Modesty,5:00:00 PM,,354(1),2,400,Yes,Employed,9,1,0.48
39,Tan Ser Kow,S4567899B,Malaysian,34,Male,12/6/18,Outrage Modesty,5:00:00 PM,,354(1),2,400,Yes,Employed,8,1,0.48
40,Tan Ser Kow,S4567899B,Malaysian,34,Male,12/6/18,Outrage Modesty,5:00:00 PM,,354(1),2,400,Yes,Employed,8,1,0.48
41,Tan Ser Kow,S4567899B,Malaysian,34,Male,12/6/18,Outrage Modesty,5:00:00 PM,,354(1),2,400,Yes,Unemployed,8,1,0.48
42,Tan Ser Kow,S4567899B,Malaysian,34,Male,12/6/18,Outrage Modesty,5:00:00 PM,,354(1),2,400,Yes,Employed,8,1,0.48
43,Tan Ser Kow,S4567899B,Malaysian,34,Male,12/6/18,Outrage Modesty,5:00:00 PM,,354(1),2,400,Yes,Unemployed,8,1,0.48
44,Tan Ser Kow,S4567899B,Malaysian,34,Male,12/6/18,Outrage Modesty,5:00:00 PM,,354(1),2,400,Yes,Employed,8,1,0.48
45,Sze Jie,S3456784S,Singaporean,51,Male,16/9/19,Outrage Modesty,,,354(1),2,500,No,Employed,5,1,0.5
46,Sze Jie,S3456784S,Singaporean,51,Male,16/9/19,Outrage Modesty,,,354(1),2,500,No,Unemployed,5,1,0.5
47,Clement Lee,S4567895F,Singaporean,46,Male,3/4/11,Outrage Modesty,,,354(1),2,500,No,Unemployed,4,1,0.5
48,Derek Goh,S4599589C,Singaporean,34,Male,9/4/18,Outrage Modesty,,,354(1),1,500,No,Employed,8,1,0.5
49,Patrick Gow,G1234589T,Singaporean,67,Male,1/5/13,Misappropriation,,3220,408,15,500,No,Employed,0,2,0.5
50,Patrick Gow,G1234589T,Singaporean,67,Male,1/5/13,Misappropriation,,3400,408,15,500,No,Unemployed,0,2,0.5
51,Patrick Gow,G1234589T,Singaporean,67,Male,1/5/13,Misappropriation,,3000,408,15,500,No,Unemployed,0,2,0.5
52,Xin Yi,S3456784L,Singaporean,27,Female,10/9/19,Misappropriation,,2500,"406 , 34",7,500,No,Unemployed,0,2,0.5
53,Derek Goh,S4599589C,Singaporean,34,Male,9/4/18,Outrage Modesty,,,354(1),1,500,No,Unemployed,9,1,0.5
54,Patrick Gow,G1234589T,Singaporean,67,Male,1/5/13,Misappropriation,,4100,408,15,500,No,Employed,0,2,0.5
55,Patrick Gow,G1234589T,Singaporean,67,Male,1/5/13,Misappropriation,,3430,408,15,500,No,Unemployed,0,2,0.5
56,Derek Goh,S4599589C,Singaporean,34,Male,9/4/18,Outrage Modesty,,,354(1),1,500,No,Employed,9,1,0.5
57,Patrick Gow,G1234589T,Singaporean,67,Male,1/5/13,Misappropriation,,3890,408,15,500,No,Unemployed,0,2,0.5
58,Sze Jie,S3456784S,Singaporean,51,Male,16/9/19,Outrage Modesty,,,354(1),2,500,No,Employed,5,1,0.5
59,Derek Goh,S4599589C,Singaporean,34,Male,9/4/18,Outrage Modesty,,,354(1),1,500,No,Employed,9,1,0.5
60,Vincent Loh,S8763456B,Singaporean,44,Male,12/7/18,Outrage Modesty,4:00:00 PM,,354(1),2,500,No,Unemployed,5,1,0.5
61,Xin Yi,S3456784L,Singaporean,27,Female,10/9/19,Misappropriation,,3300,"406 , 34",7,500,No,Unemployed,0,2,0.5
62,Vincent Loh,S8763456B,Singaporean,44,Male,12/7/18,Outrage Modesty,4:00:00 PM,,354(1),2,500,No,Unemployed,5,1,0.5
63,Derek Goh,S4599589C,Singaporean,34,Male,9/4/18,Outrage Modesty,,,354(1),1,500,No,Employed,8,1,0.5
64,Xin Yi,S3456784L,Singaporean,27,Female,10/9/19,Misappropriation,,3000,"406 , 34",7,500,No,Employed,0,2,0.5
65,Vincent Loh,S8763456B,Singaporean,44,Male,12/7/18,Outrage Modesty,4:00:00 PM,,354(1),2,500,No,Employed,5,1,0.5
66,Derek Goh,S4599589C,Singaporean,34,Male,9/4/18,Outrage Modesty,,,354(1),1,500,No,Employed,8,1,0.5
67,Patrick Gow,G1234589T,Singaporean,67,Male,1/5/13,Misappropriation,,4000,408,15,500,No,Employed,0,2,0.5
68,Patrick Gow,G1234589T,Singaporean,67,Male,1/5/13,Misappropriation,,2900,408,15,500,No,Employed,0,2,0.5
69,Patrick Gow,G1234589T,Singaporean,67,Male,1/5/13,Misappropriation,,2800,408,15,500,No,Employed,0,2,0.5
70,Xin Yi,S3456784L,Singaporean,27,Female,10/9/19,Misappropriation,,4000,"406 , 34",7,500,No,Employed,0,2,0.5
71,Sze Jie,S3456784S,Singaporean,51,Male,16/9/19,Outrage Modesty,,,354(1),2,500,Yes,Unemployed,5,1,0.6
72,Krishnan Savana,S8763456C,Malaysian,43,Male,23/4/17,Outrage Modesty,4:00:00 PM,,354(1),2,600,No,Employed,4,1,0.6
73,Krishnan Savana,S8763456C,Malaysian,43,Male,23/4/17,Outrage Modesty,4:00:00 PM,,354(1),2,600,No,Employed,4,1,0.6
74,Sze Jie,S3456784S,Singaporean,51,Male,16/9/19,Outrage Modesty,,,354(1),2,500,Yes,Employed,5,1,0.6
75,Vincent Loh,S8763456B,Singaporean,44,Male,12/7/18,Outrage Modesty,4:00:00 PM,,354(1),2,500,Yes,Employed,5,1,0.6
76,Patrick Gow,G1234589T,Singaporean,67,Male,1/5/13,Misappropriation,,3230,408,15,500,Yes,Unemployed,0,2,0.6
77,Vincent Loh,S8763456B,Singaporean,44,Male,12/7/18,Outrage Modesty,4:00:00 PM,,354(1),2,500,Yes,Unemployed,5,1,0.6
78,Krishnan Savana,S8763456C,Malaysian,43,Male,23/4/17,Outrage Modesty,4:00:00 PM,,354(1),2,600,No,Unemployed,4,1,0.6
79,Vincent Loh,S8763456B,Singaporean,44,Male,12/7/18,Outrage Modesty,4:00:00 PM,,354(1),2,500,Yes,Unemployed,5,1,0.6
80,Xin Yi,S3456784L,Singaporean,27,Female,10/9/19,Misappropriation,,3200,"406 , 34",7,500,Yes,Employed,0,2,0.6
81,Krishnan Savana,S8763456C,Malaysian,43,Male,23/4/17,Outrage Modesty,4:00:00 PM,,354(1),2,600,No,Employed,4,1,0.6
82,Patrick Gow,G1234589T,Singaporean,67,Male,1/5/13,Misappropriation,,3000,408,15,500,Yes,Unemployed,0,2,0.6
83,Derek Goh,S4599589C,Singaporean,34,Male,9/4/18,Outrage Modesty,,,354(1),1,500,Yes,Unemployed,8,1,0.6
84,Krishnan Savana,S8763456C,Malaysian,43,Male,23/4/17,Outrage Modesty,4:00:00 PM,,354(1),2,600,No,Unemployed,4,1,0.6
85,Patrick Gow,G1234589T,Singaporean,67,Male,1/5/13,Misappropriation,,3400,408,15,500,Yes,Employed,0,2,0.6
86,Krishnan Savana,S8763456C,Malaysian,43,Male,23/4/17,Outrage Modesty,4:00:00 PM,,354(1),2,600,No,Unemployed,4,1,0.6
87,Patrick Gow,G1234589T,Singaporean,67,Male,1/5/13,Misappropriation,,3450,408,15,500,Yes,Employed,0,2,0.6
88,Vincent Loh,S8763456B,Singaporean,44,Male,12/7/18,Outrage Modesty,4:00:00 PM,,354(1),2,500,Yes,Employed,5,1,0.6
89,Vincent Loh,S8763456B,Singaporean,44,Male,12/7/18,Outrage Modesty,4:00:00 PM,,354(1),2,500,Yes,Employed,5,1,0.6
90,Patrick Gow,G1234589T,Singaporean,67,Male,1/5/13,Misappropriation,,3500,408,15,500,Yes,Unemployed,0,2,0.6
91,Vincent Loh,S8763456B,Singaporean,44,Male,12/7/18,Outrage Modesty,4:00:00 PM,,354(1),2,500,Yes,Employed,5,1,0.6
92,Vincent Loh,S8763456B,Singaporean,44,Male,12/7/18,Outrage Modesty,4:00:00 PM,,354(1),2,500,Yes,Unemployed,5,1,0.6
93,Vincent Loh,S8763456B,Singaporean,44,Male,12/7/18,Outrage Modesty,4:00:00 PM,,354(1),2,500,Yes,Employed,5,1,0.6
94,Derek Goh,S4599589C,Singaporean,34,Male,9/4/18,Outrage Modesty,,,354(1),1,500,Yes,Employed,9,1,0.6
95,Krishnan Savana,S8763456C,Malaysian,43,Male,23/4/17,Outrage Modesty,4:00:00 PM,,354(1),2,600,No,Unemployed,4,1,0.6
96,Krishnan Savana,S8763456C,Malaysian,43,Male,23/4/17,Outrage Modesty,4:00:00 PM,,354(1),2,600,No,Unemployed,4,1,0.6
97,Derek Goh,S4599589C,Singaporean,34,Male,9/4/18,Outrage Modesty,,,354(1),1,500,Yes,Employed,14,1,0.6
98,Sze Jie,S3456784S,Singaporean,51,Male,16/9/19,Outrage Modesty,,,354(1),2,500,Yes,Unemployed,5,1,0.6
99,Vincent Loh,S8763456B,Singaporean,44,Male,12/7/18,Outrage Modesty,4:00:00 PM,,354(1),2,500,Yes,Unemployed,5,1,0.6
100,Patrick Gow,G1234589T,Singaporean,67,Male,1/5/13,Misappropriation,,3100,408,15,500,Yes,Employed,0,2,0.6
101,Sze Jie,S3456784S,Singaporean,51,Male,16/9/19,Outrage Modesty,,,354(1),2,500,Yes,Employed,5,1,0.6
102,Derek Goh,S4599589C,Singaporean,34,Male,9/4/18,Outrage Modesty,,,354(1),1,500,Yes,Employed,8,1,0.6
103,Vincent Loh,S8763456B,Singaporean,44,Male,12/7/18,Outrage Modesty,4:00:00 PM,,354(1),2,500,Yes,Unemployed,5,1,0.6
104,Krishnan Savana,S8763456C,Malaysian,43,Male,23/4/17,Outrage Modesty,4:00:00 PM,,354(1),2,600,No,Unemployed,4,1,0.6
105,Xin Yi,S3456784L,Singaporean,27,Female,10/9/19,Misappropriation,,2800,"406 , 34",7,500,Yes,Employed,0,2,0.6
106,Patrick Gow,G1234589T,Singaporean,67,Male,1/5/13,Misappropriation,,3200,408,15,500,Yes,Unemployed,0,2,0.6
107,Xin Yi,S3456784L,Singaporean,27,Female,10/9/19,Misappropriation,,3560,"406 , 34",7,500,Yes,Unemployed,0,2,0.6
108,Krishnan Savana,S8763456C,Malaysian,43,Male,23/4/17,Outrage Modesty,4:00:00 PM,,354(1),2,600,No,Unemployed,4,1,0.6
109,Patrick Gow,G1234589T,Singaporean,67,Male,1/5/13,Misappropriation,,3000,408,15,500,Yes,Unemployed,0,2,0.6
110,Derek Goh,S4599589C,Singaporean,34,Male,9/4/18,Outrage Modesty,,,354(1),1,500,Yes,Unemployed,8,1,0.6
111,Krishnan Savana,S8763456C,Malaysian,43,Male,23/4/17,Outrage Modesty,4:00:00 PM,,354(1),2,600,No,Employed,4,1,0.6
112,Patrick Gow,G1234589T,Singaporean,67,Male,1/5/13,Misappropriation,,3000,408,15,500,Yes,Employed,0,2,0.6
113,Randy Tao,S3456784C,Singaporean,29,Male,4/9/19,Outrage Modesty,,,354(1),2,700,No,Employed,5,0.5,0.7
114,Clement Lee,S4567895F,Singaporean,46,Male,3/4/11,Outrage Modesty,,,354(1),2,700,No,Employed,4,1,0.7
115,Lim Swee Kai,S3456789B,Malaysian,46,Male,4/5/19,Outrage Modesty,,,354(1),2,700,No,Employed,5,1,0.7
116,Randy Tao,S3456784C,Singaporean,29,Male,4/9/19,Outrage Modesty,,,354(1),2,700,No,Employed,5,0.5,0.7
117,Randy Tao,S3456784C,Singaporean,29,Male,4/9/19,Outrage Modesty,,,354(1),2,700,No,Unemployed,5,0.5,0.7
118,Lim Swee Kai,S3456789B,Malaysian,46,Male,4/5/19,Outrage Modesty,,,354(1),2,700,No,Employed,5,1,0.7
119,Clement Lee,S4567895F,Singaporean,43,Male,3/4/11,Outrage Modesty,,,354(1),2,700,No,Unemployed,4,1,0.7
120,Randy Tao,S3456784C,Singaporean,29,Male,4/9/19,Outrage Modesty,,,354(1),2,700,No,Employed,5,0.5,0.7
121,Randy Tao,S3456784C,Singaporean,29,Male,4/9/19,Outrage Modesty,,,354(1),2,700,No,Unemployed,5,0.5,0.7
122,Randy Tao,S3456784C,Singaporean,29,Male,4/9/19,Outrage Modesty,,,354(1),2,700,No,Employed,5,0.5,0.7
123,Jia Yong,S3456784L,Singaporean,39,Male,13/9/19,Outrage Modesty,,,354(1),2,700,No,Employed,6,1,0.7
124,Lim Swee Kai,S3456789B,Malaysian,46,Male,4/5/19,Outrage Modesty,,,354(1),2,700,No,Employed,5,1,0.7
125,Lim Swee Kai,S3456789B,Malaysian,46,Male,4/5/19,Outrage Modesty,,,354(1),2,700,No,Unemployed,5,1,0.7
126,Lim Swee Kai,S3456789B,Malaysian,46,Male,4/5/19,Outrage Modesty,,,354(1),2,700,No,Employed,5,1,0.7
127,Lim Swee Kai,S3456789B,Malaysian,46,Male,4/5/19,Outrage Modesty,,,354(1),2,700,No,Employed,5,1,0.7
128,Randy Tao,S3456784C,Singaporean,29,Male,4/9/19,Outrage Modesty,,,354(1),2,700,No,Employed,5,0.5,0.7
129,Lim Swee Kai,S3456789B,Malaysian,46,Male,4/5/19,Outrage Modesty,,,354(1),2,700,No,Employed,5,1,0.7
130,Lim Swee Kai,S3456789B,Malaysian,46,Male,4/5/19,Outrage Modesty,,,354(1),2,700,No,Employed,5,1,0.7
131,Randy Tao,S3456784C,Singaporean,29,Male,4/9/19,Outrage Modesty,,,354(1),2,700,No,Employed,5,0.5,0.7
132,Randy Tao,S3456784C,Singaporean,29,Male,4/9/19,Outrage Modesty,,,354(1),2,700,No,Employed,5,0.5,0.7
133,Randy Tao,S3456784C,Singaporean,29,Male,4/9/19,Outrage Modesty,,,354(1),2,700,No,Unemployed,5,0.5,0.7
134,Randy Tao,S3456784C,Singaporean,29,Male,4/9/19,Outrage Modesty,,,354(1),2,700,No,Unemployed,5,0.5,0.7
135,Jia Yong,S3456784L,Singaporean,39,Male,13/9/19,Outrage Modesty,,,354(1),2,700,No,Employed,6,1,0.7
136,Krishnan Savana,S8763456C,Malaysian,43,Male,23/4/17,Outrage Modesty,4:00:00 PM,,354(1),2,600,Yes,Employed,4,1,0.72
137,Krishnan Savana,S8763456C,Malaysian,43,Male,23/4/17,Outrage Modesty,4:00:00 PM,,354(1),2,600,Yes,Unemployed,4,1,0.72
138,Krishnan Savana,S8763456C,Malaysian,43,Male,23/4/17,Outrage Modesty,4:00:00 PM,,354(1),2,600,Yes,Employed,4,1,0.72
139,Krishnan Savana,S8763456C,Malaysian,43,Male,23/4/17,Outrage Modesty,4:00:00 PM,,354(1),2,600,Yes,Employed,4,1,0.72
140,Krishnan Savana,S8763456C,Malaysian,43,Male,23/4/17,Outrage Modesty,4:00:00 PM,,354(1),2,600,Yes,Employed,4,1,0.72
141,Krishnan Savana,S8763456C,Malaysian,43,Male,23/4/17,Outrage Modesty,4:00:00 PM,,354(1),2,600,Yes,Employed,4,1,0.72
142,Krishnan Savana,S8763456C,Malaysian,43,Male,23/4/17,Outrage Modesty,4:00:00 PM,,354(1),2,600,Yes,Employed,4,1,0.72
143,Krishnan Savana,S8763456C,Malaysian,43,Male,23/4/17,Outrage Modesty,4:00:00 PM,,354(1),2,600,Yes,Employed,4,1,0.72
144,Krishnan Savana,S8763456C,Malaysian,43,Male,23/4/17,Outrage Modesty,4:00:00 PM,,354(1),2,600,Yes,Employed,4,1,0.72
145,Krishnan Savana,S8763456C,Malaysian,43,Male,23/4/17,Outrage Modesty,4:00:00 PM,,354(1),2,600,Yes,Employed,4,1,0.72
146,Krishnan Savana,S8763456C,Malaysian,43,Male,23/4/17,Outrage Modesty,4:00:00 PM,,354(1),2,600,Yes,Unemployed,4,1,0.72
147,Lem Ah Kim,S3456789C,Singaporean,38,Female,3/5/16,Misappropriation,,5200,408,15,800,No,Employed,0,5,0.8
148,Lem Ah Kim,S3456789C,Singaporean,38,Female,3/5/16,Misappropriation,,5300,408,15,800,No,Employed,0,5,0.8
149,Lem Ah Kim,S3456789C,Singaporean,38,Female,3/5/16,Misappropriation,,5000,408,15,800,No,Unemployed,0,5,0.8
150,Lem Ah Kim,S3456789C,Singaporean,38,Female,3/5/16,Misappropriation,,5200,408,15,800,No,Unemployed,0,5,0.8
151,Lem Ah Kim,S3456789C,Singaporean,38,Female,3/5/16,Misappropriation,,5000,408,15,800,No,Employed,0,5,0.8
152,Lem Ah Kim,S3456789C,Singaporean,38,Female,3/5/16,Misappropriation,,5000,408,15,800,No,Unemployed,0,5,0.8
153,Lem Ah Kim,S3456789C,Singaporean,38,Female,3/5/16,Misappropriation,,5000,408,15,800,No,Employed,0,5,0.8
154,Lem Ah Kim,S3456789C,Singaporean,38,Female,3/5/16,Misappropriation,,6000,408,15,800,No,Employed,0,5,0.8
155,Lem Ah Kim,S3456789C,Singaporean,38,Female,3/5/16,Misappropriation,,5400,408,15,800,No,Unemployed,0,5,0.8
156,Lem Ah Kim,S3456789C,Singaporean,38,Female,3/5/16,Misappropriation,,5400,408,15,800,No,Employed,0,5,0.8
157,Randy Tao,S3456784C,Singaporean,29,Male,4/9/19,Outrage Modesty,,,354(1),2,700,Yes,Employed,5,0.5,0.84
158,Jia Yong,S3456784L,Singaporean,39,Male,13/9/19,Outrage Modesty,,,354(1),2,700,Yes,Unemployed,6,1,0.84
159,Lim Swee Kai,S3456789B,Malaysian,46,Male,4/5/19,Outrage Modesty,,,354(1),2,700,Yes,Employed,5,1,0.84
160,Randy Tao,S3456784C,Singaporean,29,Male,4/9/19,Outrage Modesty,,,354(1),2,700,Yes,Unemployed,5,0.5,0.84
161,Randy Tao,S3456784C,Singaporean,29,Male,4/9/19,Outrage Modesty,,,354(1),2,700,Yes,Unemployed,5,0.5,0.84
162,Randy Tao,S3456784C,Singaporean,29,Male,4/9/19,Outrage Modesty,,,354(1),2,700,Yes,Employed,5,0.5,0.84
163,Randy Tao,S3456784C,Singaporean,29,Male,4/9/19,Outrage Modesty,,,354(1),2,700,Yes,Unemployed,5,0.5,0.84
164,Randy Tao,S3456784C,Singaporean,29,Male,4/9/19,Outrage Modesty,,,354(1),2,700,Yes,Unemployed,5,0.5,0.84
165,Lim Swee Kai,S3456789B,Malaysian,46,Male,4/5/19,Outrage Modesty,,,354(1),2,700,Yes,Employed,5,1,0.84
166,Randy Tao,S3456784C,Singaporean,29,Male,4/9/19,Outrage Modesty,,,354(1),2,700,Yes,Unemployed,5,0.5,0.84
167,Randy Tao,S3456784C,Singaporean,29,Male,4/9/19,Outrage Modesty,,,354(1),2,700,Yes,Unemployed,5,0.5,0.84
168,Lim Swee Kai,S3456789B,Malaysian,46,Male,4/5/19,Outrage Modesty,,,354(1),2,700,Yes,Employed,5,1,0.84
169,Randy Tao,S3456784C,Singaporean,29,Male,4/9/19,Outrage Modesty,,,354(1),2,700,Yes,Unemployed,5,0.5,0.84
170,Lim Swee Kai,S3456789B,Malaysian,46,Male,4/5/19,Outrage Modesty,,,354(1),2,700,Yes,Employed,5,1,0.84
171,Randy Tao,S3456784C,Singaporean,29,Male,4/9/19,Outrage Modesty,,,354(1),2,700,Yes,Employed,5,0.5,0.84
172,Randy Tao,S3456784C,Singaporean,29,Male,4/9/19,Outrage Modesty,,,354(1),2,700,Yes,Employed,5,0.5,0.84
173,Jia Yong,S3456784L,Singaporean,39,Male,13/9/19,Outrage Modesty,,,354(1),2,700,Yes,Employed,6,1,0.84
174,Randy Tao,S3456784C,Singaporean,29,Male,4/9/19,Outrage Modesty,,,354(1),2,700,Yes,Unemployed,5,0.5,0.84
175,Lim Swee Kai,S3456789B,Malaysian,46,Male,4/5/19,Outrage Modesty,,,354(1),2,700,Yes,Employed,5,1,0.84
176,Jia Yong,S3456784L,Singaporean,39,Male,13/9/19,Outrage Modesty,,,354(1),2,700,Yes,Unemployed,6,1,0.84
177,Lim Swee Kai,S3456789B,Malaysian,46,Male,4/5/19,Outrage Modesty,,,354(1),2,700,Yes,Unemployed,5,1,0.84
178,Randy Tao,S3456784C,Singaporean,29,Male,4/9/19,Outrage Modesty,,,354(1),2,700,Yes,Employed,5,0.5,0.84
179,Randy Tao,S3456784C,Singaporean,29,Male,4/9/19,Outrage Modesty,,,354(1),2,700,Yes,Unemployed,5,0.5,0.84
180,Randy Tao,S3456784C,Singaporean,29,Male,4/9/19,Outrage Modesty,,,354(1),2,700,Yes,Employed,5,0.5,0.84
181,Randy Tao,S3456784C,Singaporean,29,Male,4/9/19,Outrage Modesty,,,354(1),2,700,Yes,Employed,5,0.5,0.84
182,Randy Tao,S3456784C,Singaporean,29,Male,4/9/19,Outrage Modesty,,,354(1),2,700,Yes,Unemployed,5,0.5,0.84
183,Lim Swee Kai,S3456789B,Malaysian,46,Male,4/5/19,Outrage Modesty,,,354(1),2,700,Yes,Employed,5,1,0.84
184,Randy Tao,S3456784C,Singaporean,29,Male,4/9/19,Outrage Modesty,,,354(1),2,700,Yes,Unemployed,5,0.5,0.84
185,Lim Swee Kai,S3456789B,Malaysian,46,Male,4/5/19,Outrage Modesty,,,354(1),2,700,Yes,Employed,5,1,0.84
186,Randy Tao,S3456784C,Singaporean,29,Male,4/9/19,Outrage Modesty,,,354(1),2,700,Yes,Unemployed,5,0.5,0.84
187,Randy Tao,S3456784C,Singaporean,29,Male,4/9/19,Outrage Modesty,,,354(1),2,700,Yes,Employed,5,0.5,0.84
188,Randy Tao,S3456784C,Singaporean,29,Male,4/9/19,Outrage Modesty,,,354(1),2,700,Yes,Employed,5,0.5,0.84
189,Randy Tao,S3456784C,Singaporean,29,Male,4/9/19,Outrage Modesty,,,354(1),2,700,Yes,Employed,5,0.5,0.84
190,Jia Yong,S3456784L,Singaporean,39,Male,13/9/19,Outrage Modesty,,,354(1),2,700,Yes,Employed,6,1,0.84
191,Jia Yong,S3456784L,Singaporean,39,Male,13/9/19,Outrage Modesty,,,354(1),2,700,Yes,Unemployed,6,1,0.84
192,Jia Hao,S3456784L,Singaporean,23,Male,9/9/19,Outrage Modesty,,,354(1),2,900,No,Employed,9,2,0.9
193,Yi Wei,S3456784Z,Singaporean,47,Male,15/9/19,Misappropriation,,5000,408,15,900,No,Unemployed,0,6,0.9
194,Hui Jie,S3456784Z,Singaporean,45,Male,11/9/19,Outrage Modesty,,,354(1),2,900,No,Unemployed,9,2,0.9
195,Jing Yi,S3456784R,Singaporean,43,Female,14/9/19,Misappropriation,,4500,"406 , 34",7,900,No,Employed,0,3,0.9
196,Jing Yi,S3456784R,Singaporean,43,Female,14/9/19,Misappropriation,,4500,"406 , 34",7,900,No,Unemployed,0,3,0.9
197,Yi Wei,S3456784Z,Singaporean,47,Male,15/9/19,Misappropriation,,5000,408,15,900,No,Employed,0,6,0.9
198,Yi Wei,S3456784Z,Singaporean,47,Male,15/9/19,Misappropriation,,5000,408,15,900,No,Unemployed,0,6,0.9
199,Hui Jie,S3456784Z,Singaporean,34,Male,11/9/19,Outrage Modesty,,,354(1),2,900,No,Unemployed,9,2,0.9
200,Clement Lee,S4567895F,Singaporean,54,Male,3/4/11,Outrage Modesty,,,354(1),2,900,No,Unemployed,5,1,0.9
201,Jia Hao,S3456784L,Singaporean,23,Male,9/9/19,Outrage Modesty,,,354(1),2,900,No,Employed,8,2,0.9
202,Derek Goh,S4599589C,Singaporean,34,Male,9/4/18,Outrage Modesty,,,354(1),2,900,No,Unemployed,8,1,0.9
203,Derek Goh,S4599589C,Singaporean,34,Male,9/4/18,Outrage Modesty,,,354(1),2,900,No,Unemployed,8,1,0.9
204,Derek Goh,S4599589C,Singaporean,34,Male,9/4/18,Outrage Modesty,,,354(1),2,900,No,Employed,8,1,0.9
205,Derek Goh,S4599589C,Singaporean,34,Male,9/4/18,Outrage Modesty,,,354(1),2,900,No,Unemployed,9,1,0.9
206,Derek Goh,S4599589C,Singaporean,34,Male,9/4/18,Outrage Modesty,,,354(1),2,900,No,Unemployed,8,1,0.9
207,Derek Goh,S4599589C,Singaporean,34,Male,9/4/18,Outrage Modesty,,,354(1),2,900,No,Employed,8,1,0.9
208,Jing Yi,S3456784R,Singaporean,43,Female,14/9/19,Misappropriation,,4500,"406 , 34",7,900,No,Employed,0,3,0.9
209,Derek Goh,S4599589C,Singaporean,34,Male,9/4/18,Outrage Modesty,,,354(1),2,900,No,Employed,9,1,0.9
210,Clement Lee,S4567895F,Singaporean,49,Male,3/4/11,Outrage Modesty,,,354(1),2,900,No,Employed,4,1,0.9
211,Derek Goh,S4599589C,Singaporean,34,Male,9/4/18,Outrage Modesty,,,354(1),2,900,No,Employed,8,1,0.9
212,Derek Goh,S4599589C,Singaporean,34,Male,9/4/18,Outrage Modesty,,,354(1),2,900,No,Unemployed,9,1,0.9
213,Clement Lee,S4567895F,Singaporean,45,Male,3/4/11,Outrage Modesty,,,354(1),2,900,No,Employed,4,1,0.9
214,Jia Hao,S3456784L,Singaporean,23,Male,9/9/19,Outrage Modesty,,,354(1),2,900,No,Unemployed,8,2,0.9
215,Jia Hao,S3456784L,Singaporean,23,Male,9/9/19,Outrage Modesty,,,354(1),2,900,No,Unemployed,8,2,0.9
216,Clement Lee,S4567895F,Singaporean,44,Male,3/4/11,Outrage Modesty,,,354(1),2,900,No,Unemployed,6,1,0.9
217,Derek Goh,S4599589C,Singaporean,34,Male,9/4/18,Outrage Modesty,,,354(1),2,900,No,Employed,8,1,0.9
218,Clement Lee,S4567895F,Singaporean,50,Male,3/4/11,Outrage Modesty,,,354(1),2,900,No,Employed,4,1,0.9
219,Derek Goh,S4599589C,Singaporean,34,Male,9/4/18,Outrage Modesty,,,354(1),2,900,No,Unemployed,8,1,0.9
220,Clement Lee,S4567895F,Singaporean,46,Male,3/4/11,Outrage Modesty,,,354(1),2,900,No,Unemployed,7,1,0.9
221,Clement Lee,S4567895F,Singaporean,46,Male,3/4/11,Outrage Modesty,,,354(1),2,900,No,Unemployed,5,1,0.9
222,Clement Lee,S4567895F,Singaporean,46,Male,3/4/11,Outrage Modesty,,,354(1),2,900,No,Employed,5,1,0.9
223,Clement Lee,S4567895F,Singaporean,46,Male,3/4/11,Outrage Modesty,,,354(1),2,800,Yes,Unemployed,4,1,0.96
224,Lem Ah Kim,S3456789C,Singaporean,38,Female,3/5/16,Misappropriation,,5000,408,15,800,Yes,Employed,0,5,0.96
225,Lem Ah Kim,S3456789C,Singaporean,38,Female,3/5/16,Misappropriation,,5000,408,15,800,Yes,Unemployed,0,5,0.96
226,Lem Ah Kim,S3456789C,Singaporean,38,Female,3/5/16,Misappropriation,,5000,408,15,800,Yes,Unemployed,0,5,0.96
227,Lem Ah Kim,S3456789C,Singaporean,38,Female,3/5/16,Misappropriation,,5000,408,15,800,Yes,Employed,0,5,0.96
228,Lem Ah Kim,S3456789C,Singaporean,38,Female,3/5/16,Misappropriation,,5000,408,15,800,Yes,Unemployed,0,5,0.96
229,Lem Ah Kim,S3456789C,Singaporean,38,Female,3/5/16,Misappropriation,,5000,408,15,800,Yes,Unemployed,0,5,0.96
230,Lem Ah Kim,S3456789C,Singaporean,38,Female,3/5/16,Misappropriation,,5000,408,15,800,Yes,Employed,0,5,0.96
231,Lem Ah Kim,S3456789C,Singaporean,38,Female,3/5/16,Misappropriation,,5000,408,15,800,Yes,Unemployed,0,5,0.96
232,Lem Ah Kim,S3456789C,Singaporean,38,Female,3/5/16,Misappropriation,,5000,408,15,800,Yes,Employed,0,5,0.96
233,Lem Ah Kim,S3456789C,Singaporean,38,Female,3/5/16,Misappropriation,,5000,408,15,800,Yes,Employed,0,5,0.96
234,Lim Swee Noi,S7654321X,Singaporean,35,Female,7/4/19,Misappropriation,,3500.25,408,15,1000,No,Unemployed,0,5,1
235,San Tan Wei,S7654322W,Malaysian,48,Male,2/4/15,Outrage Modesty,,,354(1),2,1000,No,Unemployed,4,1,1
236,Katie Perry,G4599584W,American,28,Female,12/6/11,Misappropriation,,12000,"406 , 34",7,1000,No,Employed,0,6,1
237,Hui Min,S3456784S,Singaporean,33,Female,12/9/19,Misappropriation,,4100,"406 , 34",7,1000,No,Unemployed,0,2,1
238,Jun Jie,S3456784H,Singaporean,33,Male,5/9/19,Outrage Modesty,,,354(1),2,1000,No,Employed,8,1,1
239,Katie Perry,G4599584W,American,28,Female,12/6/11,Misappropriation,,12000,"406 , 34",7,1000,No,Unemployed,0,6,1
240,San Tan Wei,S7654322W,Malaysian,48,Male,2/4/15,Outrage Modesty,,,354(1),2,1000,No,Employed,4,1,1
241,Jun Jie,S3456784H,Singaporean,33,Male,5/9/19,Outrage Modesty,,,354(1),2,1000,No,Employed,8,1,1
242,Hui Ting,S3456784P,Singaporean,55,Female,17/9/19,Misappropriation,,7000,408,15,1000,No,Unemployed,0,7,1
243,Jun Jie,S3456784H,Singaporean,33,Male,5/9/19,Outrage Modesty,,,354(1),2,1000,No,Unemployed,8,1,1
244,Hui Min,S3456784S,Singaporean,35,Female,12/9/19,Misappropriation,,4000,"406 , 34",7,1000,No,Employed,0,2,1
245,San Tan Wei,S7654322W,Malaysian,48,Male,2/4/15,Outrage Modesty,,,354(1),2,1000,No,Unemployed,4,1,1
246,Katie Perry,G4599584W,American,28,Female,12/6/11,Misappropriation,,12000,"406 , 34",7,1000,No,Employed,0,6,1
247,San Tan Wei,S7654322W,Malaysian,48,Male,2/4/15,Outrage Modesty,,,354(1),2,1000,No,Employed,4,1,1
248,Meryl Lee,S45995974T,Singaporean,21,Female,15/9/14,Misappropriation,,4000,408,15,1000,No,Unemployed,0,3,1
249,Lim Swee Noi,S7654321X,Singaporean,35,Female,7/4/19,Misappropriation,,3500.25,408,15,1000,No,Unemployed,0,5,1
250,Lim Swee Noi,S7654321X,Singaporean,35,Female,7/4/19,Misappropriation,,3500.25,408,15,1000,No,Unemployed,0,5,1
251,Lim Swee Noi,S7654321X,Singaporean,35,Female,7/4/19,Misappropriation,,3500.25,408,15,1000,No,Employed,0,5,1
252,Katie Perry,G4599584W,American,28,Female,12/6/11,Misappropriation,,12000,"406 , 34",7,1000,No,Employed,0,6,1
253,Katie Perry,G4599584W,American,28,Female,12/6/11,Misappropriation,,12000,"406 , 34",7,1000,No,Employed,0,6,1
254,San Tan Wei,S7654322W,Malaysian,48,Male,2/4/15,Outrage Modesty,,,354(1),2,1000,No,Employed,4,1,1
255,Lim Swee Noi,S7654321X,Singaporean,35,Female,7/4/19,Misappropriation,,3500.25,408,15,1000,No,Employed,0,5,1
256,San Tan Wei,S7654322W,Malaysian,48,Male,2/4/15,Outrage Modesty,,,354(1),2,1000,No,Employed,4,1,1
257,Meryl Lee,S45995974T,Singaporean,21,Female,15/9/14,Misappropriation,,4000,408,15,1000,No,Employed,0,3,1
258,Jun Jie,S3456784H,Singaporean,33,Male,5/9/19,Outrage Modesty,,,354(1),2,1000,No,Employed,8,1,1
259,Lim Swee Noi,S7654321X,Singaporean,35,Female,7/4/19,Misappropriation,,3500.25,408,15,1000,No,Employed,0,5,1
260,Lim Swee Noi,S7654321X,Singaporean,35,Female,7/4/19,Misappropriation,,3500.25,408,15,1000,No,Unemployed,0,5,1
261,Jun Jie,S3456784H,Singaporean,33,Male,5/9/19,Outrage Modesty,,,354(1),2,1000,No,Unemployed,8,1,1
262,Jing Yi,S3456784R,Singaporean,43,Female,14/9/19,Misappropriation,,4500,"406 , 34",7,900,Yes,Unemployed,0,3,1.08
263,Jing Yi,S3456784R,Singaporean,43,Female,14/9/19,Misappropriation,,4500,"406 , 34",7,900,Yes,Unemployed,0,3,1.08
264,Yi Wei,S3456784Z,Singaporean,47,Male,15/9/19,Misappropriation,,5000,408,15,900,Yes,Employed,0,6,1.08
265,Clement Lee,S4567895F,Singaporean,46,Male,3/4/11,Outrage Modesty,,,354(1),2,900,Yes,Employed,4,1,1.08
266,Clement Lee,S4567895F,Singaporean,46,Male,3/4/11,Outrage Modesty,,,354(1),2,900,Yes,Employed,4,1,1.08
267,Jia Hao,S3456784L,Singaporean,23,Male,9/9/19,Outrage Modesty,,,354(1),2,900,Yes,Unemployed,8,2,1.08
268,Clement Lee,S4567895F,Singaporean,46,Male,3/4/11,Outrage Modesty,,,354(1),2,900,Yes,Unemployed,4,1,1.08
269,Clement Lee,S4567895F,Singaporean,43,Male,3/4/11,Outrage Modesty,,,354(1),2,900,Yes,Unemployed,4,1,1.08
270,Clement Lee,S4567895F,Singaporean,35,Male,3/4/11,Outrage Modesty,,,354(1),2,900,Yes,Employed,4,1,1.08
271,Yi Wei,S3456784Z,Singaporean,47,Male,15/9/19,Misappropriation,,5000,408,15,900,Yes,Unemployed,0,6,1.08
272,Jing Yi,S3456784R,Singaporean,43,Female,14/9/19,Misappropriation,,4500,"406 , 34",7,900,Yes,Employed,0,3,1.08
273,Jia Hao,S3456784L,Singaporean,23,Male,9/9/19,Outrage Modesty,,,354(1),2,900,Yes,Employed,8,2,1.08
274,Clement Lee,S4567895F,Singaporean,46,Male,3/4/11,Outrage Modesty,,,354(1),2,900,Yes,Employed,4,1,1.08
275,Jing Yi,S3456784R,Singaporean,43,Female,14/9/19,Misappropriation,,4500,"406 , 34",7,900,Yes,Employed,0,3,1.08
276,Kitman See,S45995459T,Singaporean,45,Male,16/9/14,Outrage Modesty,,,354(1),2,900,Yes,Employed,7,1,1.08
277,Jia Hao,S3456784L,Singaporean,23,Male,9/9/19,Outrage Modesty,,,354(1),2,900,Yes,Employed,8,2,1.08
278,Clement Lee,S4567895F,Singaporean,46,Male,3/4/11,Outrage Modesty,,,354(1),2,900,Yes,Unemployed,4,1,1.08
279,Derek Goh,S4599589C,Singaporean,34,Male,9/4/18,Outrage Modesty,,,354(1),2,900,Yes,Employed,8,1,1.08
280,Derek Goh,S4599589C,Singaporean,34,Male,9/4/18,Outrage Modesty,,,354(1),1,900,Yes,Unemployed,8,1,1.08
281,Kitman See,S45995459T,Singaporean,45,Male,16/9/14,Outrage Modesty,,,354(1),2,900,Yes,Unemployed,7,1,1.08
282,Clement Lee,S4567895F,Singaporean,35,Male,3/4/11,Outrage Modesty,,,354(1),2,900,Yes,Employed,5,1,1.08
283,Derek Goh,S4599589C,Singaporean,34,Male,9/4/18,Outrage Modesty,,,354(1),2,900,Yes,Unemployed,8,1,1.08
284,Derek Goh,S4599589C,Singaporean,34,Male,9/4/18,Outrage Modesty,,,354(1),2,900,Yes,Employed,8,1,1.08
285,Clement Lee,S4567895F,Singaporean,48,Male,3/4/11,Outrage Modesty,,,354(1),2,900,Yes,Employed,6,1,1.08
286,Derek Goh,S4599589C,Singaporean,34,Male,9/4/18,Outrage Modesty,,,354(1),2,900,Yes,Employed,8,1,1.08
287,Derek Goh,S4599589C,Singaporean,34,Male,9/4/18,Outrage Modesty,,,354(1),2,900,Yes,Unemployed,8,1,1.08
288,Clement Lee,S4567895F,Singaporean,44,Male,3/4/11,Outrage Modesty,,,354(1),2,900,Yes,Employed,5,1,1.08
289,Clement Lee,S4567895F,Singaporean,46,Male,3/4/11,Outrage Modesty,,,354(1),2,900,Yes,Unemployed,4,1,1.08
290,Hui Jie,S3456784Z,Singaporean,31,Male,11/9/19,Outrage Modesty,,,354(1),2,900,Yes,Employed,9,2,1.08
291,Clement Lee,S4567895F,Singaporean,46,Male,3/4/11,Outrage Modesty,,,354(1),2,900,Yes,Employed,5,1,1.08
292,Clement Lee,S4567895F,Singaporean,46,Male,3/4/11,Outrage Modesty,,,354(1),2,900,Yes,Employed,4,1,1.08
293,Derek Goh,S4599589C,Singaporean,34,Male,9/4/18,Outrage Modesty,,,354(1),1,900,Yes,Unemployed,8,1,1.08
294,Derek Goh,S4599589C,Singaporean,34,Male,9/4/18,Outrage Modesty,,,354(1),2,900,Yes,Employed,8,1,1.08
295,Yi Wei,S3456784Z,Singaporean,47,Male,15/9/19,Misappropriation,,5000,408,15,900,Yes,Unemployed,0,6,1.08
296,Derek Goh,S4599589C,Singaporean,34,Male,9/4/18,Outrage Modesty,,,354(1),2,900,Yes,Employed,8,1,1.08
297,Derek Goh,S4599589C,Singaporean,34,Male,9/4/18,Outrage Modesty,,,354(1),2,900,Yes,Unemployed,8,1,1.08
298,Clement Lee,S4567895F,Singaporean,46,Male,3/4/11,Outrage Modesty,,,354(1),2,900,Yes,Employed,4,1,1.08
299,Derek Goh,S4599589C,Singaporean,34,Male,9/4/18,Outrage Modesty,,,354(1),2,900,Yes,Unemployed,9,1,1.08
300,Yi Wei,S3456784Z,Singaporean,47,Male,15/9/19,Misappropriation,,5000,408,15,900,Yes,Employed,0,6,1.08
301,Katie Holmes ,G4599567B,American,29,Female,9/5/19,Misappropriation,,9000,408,15,1100,No,Employed,0,8,1.1
302,Katie Holmes ,G4599567B,American,29,Female,9/5/19,Misappropriation,,9000,408,15,1100,No,Unemployed,0,8,1.1
303,Katie Holmes ,G4599567B,American,29,Female,9/5/19,Misappropriation,,9000,408,15,1100,No,Employed,0,8,1.1
304,Katie Holmes ,G4599567B,American,29,Female,9/5/19,Misappropriation,,9000,408,15,1100,No,Unemployed,0,8,1.1
305,Katie Holmes ,G4599567B,American,29,Female,9/5/19,Misappropriation,,9000,408,15,1100,No,Unemployed,0,8,1.1
306,Katie Holmes ,G4599567B,American,29,Female,9/5/19,Misappropriation,,9000,408,15,1100,No,Unemployed,0,8,1.1
307,Katie Holmes ,G4599567B,American,29,Female,9/5/19,Misappropriation,,9000,408,15,1100,No,Employed,0,8,1.1
308,Katie Holmes ,G4599567B,American,29,Female,9/5/19,Misappropriation,,9000,408,15,1100,No,Employed,0,8,1.1
309,Katie Holmes ,G4599567B,American,29,Female,9/5/19,Misappropriation,,9000,408,15,1100,No,Employed,0,8,1.1
310,Katie Holmes ,G4599567B,American,29,Female,9/5/19,Misappropriation,,9000,408,15,1100,No,Unemployed,0,8,1.1
311,Katie Holmes ,G4599567B,American,29,Female,9/5/19,Misappropriation,,9000,408,15,1100,No,Unemployed,0,8,1.1
312,Katie Holmes ,G4599567B,American,29,Female,9/5/19,Misappropriation,,9000,408,15,1100,No,Unemployed,0,8,1.1
313,Katie Holmes ,G4599567B,American,29,Female,9/5/19,Misappropriation,,9000,408,15,1100,No,Employed,0,8,1.1
314,Katie Holmes ,G4599567B,American,29,Female,9/5/19,Misappropriation,,9000,408,15,1100,No,Employed,0,8,1.1
315,Katie Holmes ,G4599567B,American,29,Female,9/5/19,Misappropriation,,9000,408,15,1100,No,Unemployed,0,8,1.1
316,Clement Lee,S4567895F,Singaporean,47,Male,3/4/11,Outrage Modesty,,,354(1),2,940,Yes,Unemployed,6,1,1.128
317,Katie Perry,G4599584W,American,28,Female,12/6/11,Misappropriation,,12000,"406 , 34",7,1000,Yes,Employed,0,6,1.2
318,Lim Swee Noi,S7654321X,Singaporean,35,Female,7/4/19,Misappropriation,,3500.25,408,15,1000,Yes,Employed,0,5,1.2
319,Lim Swee Noi,S7654321X,Singaporean,35,Female,7/4/19,Misappropriation,,3500.25,408,15,1000,Yes,Employed,0,5,1.2
320,Jun Jie,S3456784H,Singaporean,33,Male,5/9/19,Outrage Modesty,,,354(1),2,1000,Yes,Unemployed,8,1,1.2
321,San Tan Wei,S7654322W,Malaysian,48,Male,2/4/15,Outrage Modesty,,,354(1),2,1000,Yes,Unemployed,4,1,1.2
322,Lim Swee Noi,S7654321X,Singaporean,35,Female,7/4/19,Misappropriation,,3500.25,408,15,1000,Yes,Employed,0,5,1.2
323,Katie Perry,G4599584W,American,28,Female,12/6/11,Misappropriation,,12000,"406 , 34",7,1000,Yes,Unemployed,0,6,1.2
324,Zhi Hao,S3456784Z,Singaporean,44,Male,7/9/19,Misappropriation,,12500,408,15,1200,No,Employed,0,9,1.2
325,San Tan Wei,S7654322W,Malaysian,48,Male,2/4/15,Outrage Modesty,,,354(1),2,1000,Yes,Unemployed,4,1,1.2
326,San Tan Wei,S7654322W,Malaysian,48,Male,2/4/15,Outrage Modesty,,,354(1),2,1000,Yes,Employed,4,1,1.2
327,San Tan Wei,S7654322W,Malaysian,48,Male,2/4/15,Outrage Modesty,,,354(1),2,1000,Yes,Employed,4,1,1.2
328,Jun Jie,S3456784H,Singaporean,33,Male,5/9/19,Outrage Modesty,,,354(1),2,1000,Yes,Unemployed,8,1,1.2
329,San Tan Wei,S7654322W,Malaysian,48,Male,2/4/15,Outrage Modesty,,,354(1),2,1000,Yes,Employed,4,1,1.2
330,Katie Perry,G4599584W,American,28,Female,12/6/11,Misappropriation,,12000,"406 , 34",7,1000,Yes,Unemployed,0,6,1.2
331,San Tan Wei,S7654322W,Malaysian,48,Male,2/4/15,Outrage Modesty,,,354(1),2,1000,Yes,Employed,4,1,1.2
332,Zhi Hao,S3456784Z,Singaporean,44,Male,7/9/19,Misappropriation,,12500,408,15,1200,No,Employed,0,9,1.2
333,Katie Perry,G4599584W,American,28,Female,12/6/11,Misappropriation,,12000,"406 , 34",7,1000,Yes,Employed,0,6,1.2
334,San Tan Wei,S7654322W,Malaysian,48,Male,2/4/15,Outrage Modesty,,,354(1),2,1000,Yes,Employed,4,1,1.2
335,Katie Perry,G4599584W,American,28,Female,12/6/11,Misappropriation,,12000,"406 , 34",7,1000,Yes,Employed,0,6,1.2
336,San Tan Wei,S7654322W,Malaysian,48,Male,2/4/15,Outrage Modesty,,,354(1),2,1000,Yes,Employed,4,1,1.2
337,Katie Perry,G4599584W,American,28,Female,12/6/11,Misappropriation,,12000,"406 , 34",7,1000,Yes,Employed,0,6,1.2
338,Katie Perry,G4599584W,American,28,Female,12/6/11,Misappropriation,,12000,"406 , 34",7,1000,Yes,Employed,0,6,1.2
339,Lim Swee Noi,S7654321X,Singaporean,35,Female,7/4/19,Misappropriation,,3500.25,408,15,1000,Yes,Employed,0,5,1.2
340,Katie Perry,G4599584W,American,28,Female,12/6/11,Misappropriation,,12000,"406 , 34",7,1000,Yes,Employed,0,6,1.2
341,Zhi Hao,S3456784Z,Singaporean,44,Male,7/9/19,Misappropriation,,12500,408,15,1200,No,Employed,0,9,1.2
342,Katie Perry,G4599584W,American,28,Female,12/6/11,Misappropriation,,12000,"406 , 34",7,1000,Yes,Unemployed,0,6,1.2
343,Katie Perry,G4599584W,American,28,Female,12/6/11,Misappropriation,,12000,"406 , 34",7,1000,Yes,Unemployed,0,6,1.2
344,San Tan Wei,S7654322W,Malaysian,48,Male,2/4/15,Outrage Modesty,,,354(1),2,1000,Yes,Employed,4,1,1.2
345,Charles Kow,S1234568K,Singaporean,38,Male,4/10/17,Misappropriation,,10000,408,15,1200,No,Employed,0,9,1.2
346,Hui Min,S3456784S,Singaporean,30,Female,12/9/19,Misappropriation,,4400,"406 , 34",7,1000,Yes,Employed,0,2,1.2
347,San Tan Wei,S7654322W,Malaysian,48,Male,2/4/15,Outrage Modesty,,,354(1),2,1000,Yes,Employed,4,1,1.2
348,San Tan Wei,S7654322W,Malaysian,48,Male,2/4/15,Outrage Modesty,,,354(1),2,1000,Yes,Employed,4,1,1.2
349,Clement Lee,S4567895F,Singaporean,67,Male,3/4/11,Outrage Modesty,,,354(1),2,1200,No,Unemployed,4,1,1.2
350,Hui Min,S3456784S,Singaporean,32,Female,12/9/19,Misappropriation,,4300,"406 , 34",7,1200,No,Employed,0,1,1.2
351,Lim Swee Noi,S7654321X,Singaporean,35,Female,7/4/19,Misappropriation,,3500.25,408,15,1000,Yes,Unemployed,0,5,1.2
352,Hui Ting,S3456784P,Singaporean,58,Female,17/9/19,Misappropriation,,8000,408,15,1000,Yes,Employed,0,7,1.2
353,San Tan Wei,S7654322W,Malaysian,48,Male,2/4/15,Outrage Modesty,,,354(1),2,1000,Yes,Unemployed,4,1,1.2
354,Lim Swee Noi,S7654321X,Singaporean,35,Female,7/4/19,Misappropriation,,3500.25,408,15,1000,Yes,Employed,0,5,1.2
355,Katie Perry,G4599584W,American,28,Female,12/6/11,Misappropriation,,12000,"406 , 34",7,1000,Yes,Employed,0,6,1.2
356,San Tan Wei,S7654322W,Malaysian,48,Male,2/4/15,Outrage Modesty,,,354(1),2,1000,Yes,Employed,4,1,1.2
357,San Tan Wei,S7654322W,Malaysian,48,Male,2/4/15,Outrage Modesty,,,354(1),2,1000,Yes,Employed,4,1,1.2
358,Katie Perry,G4599584W,American,28,Female,12/6/11,Misappropriation,,12000,"406 , 34",7,1000,Yes,Employed,0,6,1.2
359,Yi Ling,S3456784L,Singaporean,43,Female,6/9/19,Misappropriation,,10000,408,15,1250,No,Employed,0,8,1.25
360,Yi Ling,S3456784L,Singaporean,43,Female,6/9/19,Misappropriation,,10000,408,15,1250,No,Unemployed,0,8,1.25
361,Charles Kow,S1234568K,Singaporean,38,Male,4/10/17,Misappropriation,,10000,408,15,1300,No,Employed,0,9,1.3
362,Charles Kow,S1234568K,Singaporean,38,Male,4/10/17,Misappropriation,,10000,408,15,1300,No,Unemployed,0,7,1.3
363,Katie Holmes ,G4599567B,American,29,Female,9/5/19,Misappropriation,,9000,408,15,1100,Yes,Employed,0,8,1.32
364,Katie Holmes ,G4599567B,American,29,Female,9/5/19,Misappropriation,,9000,408,15,1100,Yes,Unemployed,0,8,1.32
365,Katie Holmes ,G4599567B,American,29,Female,9/5/19,Misappropriation,,9000,408,15,1100,Yes,Unemployed,0,8,1.32
366,Katie Holmes ,G4599567B,American,29,Female,9/5/19,Misappropriation,,9000,408,15,1100,Yes,Employed,0,8,1.32
367,Charles Kow,S1234568K,Singaporean,38,Male,4/10/17,Misappropriation,,10000,408,15,1100,Yes,Employed,0,8,1.32
368,Katie Holmes ,G4599567B,American,29,Female,9/5/19,Misappropriation,,9000,408,15,1100,Yes,Unemployed,0,8,1.32
369,Katie Holmes ,G4599567B,American,29,Female,9/5/19,Misappropriation,,9000,408,15,1100,Yes,Unemployed,0,8,1.32
370,Katie Holmes ,G4599567B,American,29,Female,9/5/19,Misappropriation,,9000,408,15,1100,Yes,Employed,0,8,1.32
371,Katie Holmes ,G4599567B,American,29,Female,9/5/19,Misappropriation,,9000,408,15,1100,Yes,Employed,0,8,1.32
372,Katie Holmes ,G4599567B,American,29,Female,9/5/19,Misappropriation,,9000,408,15,1100,Yes,Employed,0,8,1.32
373,Katie Holmes ,G4599567B,American,29,Female,9/5/19,Misappropriation,,9000,408,15,1100,Yes,Unemployed,0,8,1.32
374,Katie Holmes ,G4599567B,American,29,Female,9/5/19,Misappropriation,,9000,408,15,1100,Yes,Employed,0,8,1.32
375,Katie Holmes ,G4599567B,American,29,Female,9/5/19,Misappropriation,,9000,408,15,1100,Yes,Employed,0,8,1.32
376,Katie Holmes ,G4599567B,American,29,Female,9/5/19,Misappropriation,,9000,408,15,1100,Yes,Employed,0,8,1.32
377,Katie Holmes ,G4599567B,American,29,Female,9/5/19,Misappropriation,,9000,408,15,1100,Yes,Employed,0,8,1.32
378,Katie Holmes ,G4599567B,American,29,Female,9/5/19,Misappropriation,,9000,408,15,1100,Yes,Employed,0,8,1.32
379,Katie Holmes ,G4599567B,American,29,Female,9/5/19,Misappropriation,,9000,408,15,1100,Yes,Employed,0,8,1.32
380,Katie Holmes ,G4599567B,American,29,Female,9/5/19,Misappropriation,,9000,408,15,1100,Yes,Unemployed,0,8,1.32
381,Katie Holmes ,G4599567B,American,29,Female,9/5/19,Misappropriation,,9000,408,15,1100,Yes,Employed,0,8,1.32
382,Katie Holmes ,G4599567B,American,29,Female,9/5/19,Misappropriation,,9000,408,15,1100,Yes,Employed,0,8,1.32
383,Charles Kow,S1234568K,Singaporean,38,Male,4/10/17,Misappropriation,,10000,408,15,1200,Yes,Unemployed,0,8,1.44
384,Hui Jie,S3456784Z,Singaporean,35,Male,11/9/19,Outrage Modesty,,,354(1),2,1200,Yes,Employed,9,1,1.44
385,Zhi Hao,S3456784Z,Singaporean,44,Male,7/9/19,Misappropriation,,12500,408,15,1200,Yes,Unemployed,0,9,1.44
386,Hui Jie,S3456784Z,Singaporean,28,Male,11/9/19,Outrage Modesty,,,354(1),2,1200,Yes,Employed,9,1,1.44
387,Zhi Hao,S3456784Z,Singaporean,44,Male,7/9/19,Misappropriation,,12500,408,15,1200,Yes,Unemployed,0,9,1.44
388,Hui Min,S3456784S,Singaporean,32,Female,12/9/19,Misappropriation,,4200,"406 , 34",7,1200,Yes,Unemployed,0,1,1.44
389,Charles Kow,S1234568K,Singaporean,38,Male,4/10/17,Misappropriation,,10000,408,15,1200,Yes,Unemployed,0,8,1.44
390,Zhi Hao,S3456784Z,Singaporean,44,Male,7/9/19,Misappropriation,,12500,408,15,1200,Yes,Employed,0,9,1.44
391,Hui Ting,S3456784P,Singaporean,57,Female,17/9/19,Misappropriation,,7500,408,15,1200,Yes,Unemployed,0,7,1.44
392,Hui Jie,S3456784Z,Singaporean,30,Male,11/9/19,Outrage Modesty,,,354(1),2,1200,Yes,Employed,9,1,1.44
393,Charles Kow,S1234568K,Singaporean,38,Male,4/10/17,Misappropriation,,10000,408,15,1200,Yes,Employed,0,8,1.44
394,Hui Min,S3456784S,Singaporean,36,Female,12/9/19,Misappropriation,,4000,"406 , 34",7,1200,Yes,Employed,0,1,1.44
395,Hui Jie,S3456784Z,Singaporean,35,Male,11/9/19,Outrage Modesty,,,354(1),2,1200,Yes,Employed,9,1,1.44
396,Zhi Hao,S3456784Z,Singaporean,44,Male,7/9/19,Misappropriation,,12500,408,15,1200,Yes,Unemployed,0,9,1.44
397,Charles Kow,S1234568K,Singaporean,38,Male,4/10/18,Misappropriation,,10050,408,15,1220,Yes,Unemployed,0,9,1.464
398,Charles Kow,S1234568K,Singaporean,38,Male,4/10/17,Misappropriation,,10000,408,15,1230,Yes,Employed,0,8,1.476
399,Charles Kow,S1234568K,Singaporean,38,Male,4/10/15,Misappropriation,,10000,408,15,1240,Yes,Unemployed,0,8,1.488
400,Hui Min,S3456784S,Singaporean,37,Female,12/9/19,Misappropriation,,4450,"406 , 34",7,1250,Yes,Employed,0,1,1.5
401,Jia Hui,S3456784S,Singaporean,35,Female,8/9/19,Misappropriation,,14000,408,15,1500,No,Employed,0,10,1.5
402,Yi Ling,S3456784L,Singaporean,43,Female,6/9/19,Misappropriation,,10000,408,15,1250,Yes,Employed,0,8,1.5
403,Yi Ling,S3456784L,Singaporean,43,Female,6/9/19,Misappropriation,,10000,408,15,1250,Yes,Employed,0,8,1.5
404,Yi Ling,S3456784L,Singaporean,43,Female,6/9/19,Misappropriation,,10000,408,15,1250,Yes,Unemployed,0,8,1.5
405,Jia Hui,S3456784S,Singaporean,35,Female,8/9/19,Misappropriation,,14000,408,15,1500,No,Employed,0,10,1.5
406,Charles Kow,S1234568K,Singaporean,38,Male,4/10/17,Misappropriation,,10000,408,15,1250,Yes,Unemployed,0,8,1.5
407,Yi Ling,S3456784L,Singaporean,43,Female,6/9/19,Misappropriation,,10000,408,15,1250,Yes,Employed,0,8,1.5
408,Yi Ling,S3456784L,Singaporean,43,Female,6/9/19,Misappropriation,,10000,408,15,1250,Yes,Unemployed,0,8,1.5
409,Yi Ling,S3456784L,Singaporean,43,Female,6/9/19,Misappropriation,,10000,408,15,1250,Yes,Employed,0,8,1.5
410,Clement Lee,S4567895F,Singaporean,46,Male,3/4/11,Outrage Modesty,,,354(1),2,1300,Yes,Employed,5,1,1.56
411,Charles Kow,S1234568K,Singaporean,38,Male,4/10/15,Misappropriation,,10000,408,15,1300,Yes,Unemployed,0,7,1.56
412,Charles Kow,S1234568K,Singaporean,38,Male,4/10/17,Misappropriation,,10000,408,15,1300,Yes,Employed,0,8,1.56
413,Hui Ting,S3456784P,Singaporean,54,Female,17/9/19,Misappropriation,,7100,408,15,1600,No,Employed,0,6,1.6
414,Charles Kow,S1234568K,Singaporean,38,Male,4/10/17,Misappropriation,,10000,408,15,1350,Yes,Employed,0,8,1.62
415,Charles Kow,S1234568K,Singaporean,38,Male,4/10/17,Misappropriation,,10000,408,15,1400,Yes,Employed,0,8,1.68
416,Hui Ting,S3456784P,Singaporean,53,Female,17/9/19,Misappropriation,,8000,408,15,1500,Yes,Employed,0,6,1.8
417,Hui Ting,S3456784P,Singaporean,56,Female,17/9/19,Misappropriation,,7200,408,15,1500,Yes,Employed,0,6,1.8
418,Venkatarman Saravana,S1234567R,Singaporean,28,Male,13/5/15,Misappropriation,6:00:00 PM,24000,408,15,1800,No,Employed,0,10,1.8
419,Jia Hui,S3456784S,Singaporean,35,Female,8/9/19,Misappropriation,,14000,408,15,1500,Yes,Unemployed,0,10,1.8
420,Venkatarman Saravana,S1234567R,Singaporean,28,Male,13/5/15,Misappropriation,6:00:00 PM,24000,408,15,1800,No,Unemployed,0,10,1.8
421,Jia Hui,S3456784S,Singaporean,35,Female,8/9/19,Misappropriation,,14000,408,15,1500,Yes,Unemployed,0,10,1.8
422,Hui Ting,S3456784P,Singaporean,56,Female,17/9/19,Misappropriation,,8200,408,15,1500,Yes,Unemployed,0,6,1.8
423,Sergey Brian,S45995978Y,Singaporean,65,Male,13/9/14,Misappropriation,,24000,408,15,1800,No,Employed,0,10,1.8
424,Venkatarman Saravana,S1234567R,Singaporean,28,Male,13/5/15,Misappropriation,6:00:00 PM,24000,408,15,1800,No,Employed,0,10,1.8
425,Jia Hui,S3456784S,Singaporean,35,Female,8/9/19,Misappropriation,,14000,408,15,1500,Yes,Employed,0,10,1.8
426,Venkatarman Saravana,S1234567R,Singaporean,28,Male,13/5/15,Misappropriation,6:00:00 PM,24000,408,15,1800,No,Unemployed,0,10,1.8
427,Venkatarman Saravana,S1234567R,Singaporean,28,Male,13/5/15,Misappropriation,6:00:00 PM,24000,408,15,1800,No,Employed,0,10,1.8
428,Venkatarman Saravana,S1234567R,Singaporean,28,Male,13/5/15,Misappropriation,6:00:00 PM,24000,408,15,1800,No,Unemployed,0,10,1.8
429,Charles Kow,S1234568K,Singaporean,38,Male,4/10/17,Misappropriation,,10000,408,15,1500,Yes,Employed,0,6,1.8
430,Jia Hui,S3456784S,Singaporean,35,Female,8/9/19,Misappropriation,,14000,408,15,1500,Yes,Employed,0,10,1.8
431,Venkatarman Saravana,S1234567R,Singaporean,28,Male,13/5/15,Misappropriation,6:00:00 PM,24000,408,15,1800,No,Unemployed,0,10,1.8
432,Venkatarman Saravana,S1234567R,Singaporean,28,Male,13/5/15,Misappropriation,6:00:00 PM,24000,408,15,1800,No,Unemployed,0,10,1.8
433,Jia Hui,S3456784S,Singaporean,35,Female,8/9/19,Misappropriation,,14000,408,15,1500,Yes,Unemployed,0,10,1.8
434,Lem Ah Kin,S7654343W,Singaporean,55,Female,12/5/19,Misappropriation,,20000,"406 , 34",7,2000,No,Unemployed,0,5,2
435,Lem Ah Kin,S7654343W,Singaporean,55,Female,12/5/19,Misappropriation,,20000,"406 , 34",7,2000,No,Unemployed,0,5,2
436,Clement Lee,S4567895F,Singaporean,61,Male,3/4/11,Outrage Modesty,,,354(1),2,2000,No,Employed,6,1,2
437,Heng Swee Goh,S4599598D,Singaporean,45,Male,9/5/18,Misappropriation,,12000,"406 , 34",7,2000,No,Employed,0,7,2
438,Lem Ah Kin,S7654343W,Singaporean,55,Female,12/5/19,Misappropriation,,20000,"406 , 34",7,2000,No,Employed,0,5,2
439,Heng Swee Goh,S4599598D,Singaporean,45,Male,9/5/18,Misappropriation,,12000,"406 , 34",7,2000,No,Employed,0,7,2
440,Lem Ah Kin,S7654343W,Singaporean,55,Female,12/5/19,Misappropriation,,20000,"406 , 34",7,2000,No,Employed,0,5,2
441,Lem Ah Kin,S7654343W,Singaporean,55,Female,12/5/19,Misappropriation,,22000,"406 , 34",7,2000,No,Unemployed,0,5,2
442,Heng Swee Goh,S4599598D,Singaporean,45,Male,9/5/18,Misappropriation,,11000,"406 , 34",7,2000,No,Unemployed,0,7,2
443,Lem Ah Kin,S7654343W,Singaporean,55,Female,12/5/19,Misappropriation,,22000,"406 , 34",7,2000,No,Employed,0,5,2
444,Lem Ah Kin,S7654343W,Singaporean,55,Female,12/5/19,Misappropriation,,20000,"406 , 34",7,2000,No,Unemployed,0,5,2
445,Heng Swee Goh,S4599598D,Singaporean,45,Male,9/5/18,Misappropriation,,12000,"406 , 34",7,2000,No,Unemployed,0,7,2
446,Lem Ah Kin,S7654343W,Singaporean,55,Female,12/5/19,Misappropriation,,22000,"406 , 34",7,2000,No,Employed,0,5,2
447,Lem Ah Kin,S7654343W,Singaporean,55,Female,12/5/19,Misappropriation,,22000,"406 , 34",7,2000,No,Unemployed,0,5,2
448,Heng Swee Goh,S4599598D,Singaporean,45,Male,9/5/18,Misappropriation,,12000,"406 , 34",7,2000,No,Employed,0,7,2
449,Venkatarman Saravana,S1234567R,Singaporean,28,Male,13/5/15,Misappropriation,6:00:00 PM,24000,408,15,1800,Yes,Unemployed,0,10,2.16
450,Venkatarman Saravana,S1234567R,Singaporean,28,Male,13/5/15,Misappropriation,6:00:00 PM,24000,408,15,1800,Yes,Unemployed,0,10,2.16
451,Venkatarman Saravana,S1234567R,Singaporean,28,Male,13/5/15,Misappropriation,6:00:00 PM,24000,408,15,1800,Yes,Employed,0,10,2.16
452,Venkatarman Saravana,S1234567R,Singaporean,28,Male,13/5/15,Misappropriation,6:00:00 PM,24000,408,15,1800,Yes,Employed,0,10,2.16
453,Venkatarman Saravana,S1234567R,Singaporean,28,Male,13/5/15,Misappropriation,6:00:00 PM,24000,408,15,1800,Yes,Employed,0,10,2.16
454,Venkatarman Saravana,S1234567R,Singaporean,28,Male,13/5/15,Misappropriation,6:00:00 PM,24000,408,15,1800,Yes,Employed,0,10,2.16
455,Venkatarman Saravana,S1234567R,Singaporean,28,Male,13/5/15,Misappropriation,6:00:00 PM,24000,408,15,1800,Yes,Employed,0,10,2.16
456,Venkatarman Saravana,S1234567R,Singaporean,28,Male,13/5/15,Misappropriation,6:00:00 PM,24000,408,15,1800,Yes,Employed,0,10,2.16
457,Venkatarman Saravana,S1234567R,Singaporean,28,Male,13/5/15,Misappropriation,6:00:00 PM,24000,408,15,1800,Yes,Unemployed,0,10,2.16
458,Venkatarman Saravana,S1234567R,Singaporean,28,Male,13/5/15,Misappropriation,6:00:00 PM,24000,408,15,1800,Yes,Unemployed,0,10,2.16
459,Venkatarman Saravana,S1234567R,Singaporean,28,Male,13/5/15,Misappropriation,6:00:00 PM,24000,408,15,1800,Yes,Employed,0,10,2.16
460,Venkatarman Saravana,S1234567R,Singaporean,28,Male,13/5/15,Misappropriation,6:00:00 PM,24000,408,15,1800,Yes,Employed,0,10,2.16
461,Venkatarman Saravana,S1234567R,Singaporean,28,Male,13/5/15,Misappropriation,6:00:00 PM,24000,408,15,1800,Yes,Employed,0,10,2.16
462,Sergey Brian,S45995978Y,Singaporean,65,Male,13/9/14,Misappropriation,,24000,408,15,1800,Yes,Unemployed,0,10,2.16
463,Venkatarman Saravana,S1234567R,Singaporean,28,Male,13/5/15,Misappropriation,6:00:00 PM,24000,408,15,1800,Yes,Employed,0,10,2.16
464,Venkatarman Saravana,S1234567R,Singaporean,28,Male,13/5/15,Misappropriation,6:00:00 PM,24000,408,15,1800,Yes,Unemployed,0,10,2.16
465,Heng Swee Goh,S4599598D,Singaporean,45,Male,9/5/18,Misappropriation,,12000,"406 , 34",7,2000,Yes,Employed,0,7,2.4
466,Kian Doman,S8763456K,Singaporean,44,Male,12/9/14,Misappropriation,,24000,408,15,2000,Yes,Unemployed,0,11,2.4
467,Heng Swee Chan,S45995967Y,Malaysian,34,Male,14/9/14,Misappropriation,,23000,"406 , 34",7,2000,Yes,Employed,0,6,2.4
468,Heng Swee Goh,S4599598D,Singaporean,45,Male,9/5/18,Misappropriation,,12000,"406 , 34",7,2000,Yes,Unemployed,0,7,2.4
469,Heng Swee Goh,S4599598D,Singaporean,45,Male,9/5/18,Misappropriation,,12000,"406 , 34",7,2000,Yes,Employed,0,7,2.4
470,Lem Ah Kin,S7654343W,Singaporean,55,Female,12/5/19,Misappropriation,,20000,"406 , 34",7,2000,Yes,Unemployed,0,5,2.4
471,Heng Swee Goh,S4599598D,Singaporean,45,Male,9/5/18,Misappropriation,,11000,"406 , 34",7,2000,Yes,Unemployed,0,7,2.4
472,Lem Ah Kin,S7654343W,Singaporean,55,Female,12/5/19,Misappropriation,,20000,"406 , 34",7,2000,Yes,Unemployed,0,5,2.4
473,Lem Ah Kin,S7654343W,Singaporean,55,Female,12/5/19,Misappropriation,,20000,"406 , 34",7,2000,Yes,Employed,0,5,2.4
474,Lem Ah Kin,S7654343W,Singaporean,55,Female,12/5/19,Misappropriation,,20000,"406 , 34",7,2000,Yes,Employed,0,5,2.4
475,Heng Swee Goh,S4599598D,Singaporean,45,Male,9/5/18,Misappropriation,,11000,"406 , 34",7,2000,Yes,Employed,0,7,2.4
476,Lem Ah Kin,S7654343W,Singaporean,55,Female,12/5/19,Misappropriation,,20000,"406 , 34",7,2000,Yes,Employed,0,5,2.4
477,Heng Swee Goh,S4599598D,Singaporean,45,Male,9/5/18,Misappropriation,,12000,"406 , 34",7,2000,Yes,Employed,0,7,2.4
478,Heng Swee Goh,S4599598D,Singaporean,45,Male,9/5/18,Misappropriation,,12000,"406 , 34",7,2000,Yes,Unemployed,0,7,2.4
479,Heng Swee Goh,S4599598D,Singaporean,45,Male,9/5/18,Misappropriation,,12000,"406 , 34",7,2000,Yes,Employed,0,7,2.4
480,Kian Doman,S8763456K,Singaporean,44,Male,12/9/14,Misappropriation,,24000,408,15,2000,Yes,Employed,0,11,2.4
481,Heng Swee Goh,S4599598D,Singaporean,45,Male,9/5/18,Misappropriation,,12000,"406 , 34",7,2000,Yes,Employed,0,7,2.4
482,Lem Ah Kin,S7654343W,Singaporean,55,Female,12/5/19,Misappropriation,,22000,"406 , 34",7,2000,Yes,Employed,0,5,2.4
483,Lem Ah Kin,S7654343W,Singaporean,55,Female,12/5/19,Misappropriation,,20000,"406 , 34",7,2000,Yes,Employed,0,5,2.4
484,Heng Swee Goh,S4599598D,Singaporean,45,Male,9/5/18,Misappropriation,,12000,"406 , 34",7,2000,Yes,Unemployed,0,7,2.4
485,Lem Ah Kin,S7654343W,Singaporean,55,Female,12/5/19,Misappropriation,,20000,"406 , 34",7,2000,Yes,Unemployed,0,5,2.4
486,Lem Ah Kin,S7654343W,Singaporean,55,Female,12/5/19,Misappropriation,,20000,"406 , 34",7,2000,Yes,Unemployed,0,5,2.4
487,Heng Swee Goh,S4599598D,Singaporean,45,Male,9/5/18,Misappropriation,,12000,"406 , 34",7,2000,Yes,Employed,0,7,2.4
488,Lem Ah Kin,S7654343W,Singaporean,55,Female,12/5/19,Misappropriation,,20000,"406 , 34",7,2000,Yes,Unemployed,0,5,2.4
489,Heng Swee Goh,S4599598D,Singaporean,45,Male,9/5/18,Misappropriation,,11000,"406 , 34",7,2000,Yes,Employed,0,7,2.4
490,Lem Ah Kin,S7654343W,Singaporean,55,Female,12/5/19,Misappropriation,,22000,"406 , 34",7,2000,Yes,Unemployed,0,5,2.4
491,Clement Lee,S4567895F,Singaporean,40,Male,3/4/11,Outrage Modesty,,,354(1),2,2100,Yes,Employed,3,1,2.52
492,Heng Swee Goh,S4599598D,Singaporean,45,Male,9/5/18,Misappropriation,,12000,"406 , 34",7,3000,No,Employed,0,6,3
493,Heng Swee Goh,S4599598D,Singaporean,45,Male,9/5/18,Misappropriation,,12000,"406 , 34",7,3000,No,Employed,0,6,3
494,Heng Swee Goh,S4599598D,Singaporean,45,Male,9/5/18,Misappropriation,,12000,"406 , 34",7,3000,No,Unemployed,0,6,3
495,Heng Swee Chan,S45995967Y,Malaysian,34,Male,14/9/14,Misappropriation,,23000,"406 , 34",7,2500,Yes,Unemployed,0,5,3
496,Heng Swee Goh,S4599598D,Singaporean,45,Male,9/5/18,Misappropriation,,12000,"406 , 34",7,3000,No,Unemployed,0,6,3
497,Heng Swee Goh,S4599598D,Singaporean,45,Male,9/5/18,Misappropriation,,12000,"406 , 34",7,3000,Yes,Employed,0,6,3.6
498,Heng Swee Goh,S4599598D,Singaporean,45,Male,9/5/18,Misappropriation,,12000,"406 , 34",7,3000,Yes,Employed,0,6,3.6
499,Heng Swee Goh,S4599598D,Singaporean,45,Male,9/5/18,Misappropriation,,12000,"406 , 34",7,3000,Yes,Employed,0,6,3.6
500,Heng Swee Goh,S4599598D,Singaporean,45,Male,9/5/18,Misappropriation,,12000,"406 , 34",7,3000,Yes,Employed,0,6,3.6
501,Heng Swee Goh,S4599598D,Singaporean,45,Male,9/5/18,Misappropriation,,12000,"406 , 34",7,3000,Yes,Employed,0,6,3.6
502,Heng Swee Goh,S4599598D,Singaporean,45,Male,9/5/18,Misappropriation,,12000,"406 , 34",7,3000,Yes,Unemployed,0,6,3.6
503,Heng Swee Goh,S4599598D,Singaporean,45,Male,9/5/18,Misappropriation,,12000,"406 , 34",7,3000,Yes,Employed,0,6,3.6
504,Heng Swee Goh,S4599598D,Singaporean,45,Male,9/5/18,Misappropriation,,12000,"406 , 34",7,3000,Yes,Unemployed,0,6,3.6
505,Heng Swee Goh,S4599598D,Singaporean,45,Male,9/5/18,Misappropriation,,12000,"406 , 34",7,3000,Yes,Employed,0,6,3.6
506,Heng Swee Goh,S4599598D,Singaporean,45,Male,9/5/18,Misappropriation,,11000,"406 , 34",7,3000,Yes,Employed,0,6,3.6
507,Heng Swee Goh,S4599598D,Singaporean,45,Male,9/5/18,Misappropriation,,11000,"406 , 34",7,3000,Yes,Unemployed,0,6,3.6
508,Tan Ah Kow,S1234567X,Singaporean,51,Male,10/01/2016-04/04/2016,Misappropriation,,35000,408,15,5000,No,Employed,0,12,5
509,Tan Ah Kow,S1234567X,Singaporean,51,Male,10/01/2016-04/04/2016,Misappropriation,,35000,408,15,5000,No,Unemployed,0,12,5
510,Tan Ah Kow,S1234567X,Singaporean,51,Male,10/01/2016-04/04/2016,Misappropriation,,35000,408,15,5000,Yes,Employed,0,12,6
511,Tan Ah Kow,S1234567X,Singaporean,51,Male,10/01/2016-04/04/2016,Misappropriation,,35000,408,15,5000,Yes,Employed,0,12,6
512,Tan Ah Kow,S1234567X,Singaporean,51,Male,10/01/2016-04/04/2016,Misappropriation,,35000,408,15,5000,Yes,Unemployed,0,12,6